ProviderID,ProviderName,Specialty,Location,City,State
PR0001,Grant Wood,Pediatrics,Brittanyland,Brittanyland,LA
PR0002,Christian Morton,Orthopedics,Port Scotthaven,Port Scotthaven,KY
PR0003,Michele Rodriguez,General Medicine,Zacharyton,Zacharyton,SC
PR0004,Tammy Kennedy,General Medicine,Bryanchester,Bryanchester,OH
PR0005,Kelly Jordan,Neurology,New John,New John,AZ
PR0006,David Valenzuela,General Medicine,South Daniellefort,South Daniellefort,NE
PR0007,Kimberly Guerrero,Orthopedics,New Danielleville,New Danielleville,IL
PR0008,Kathryn Frazier,Pediatrics,Marktown,Marktown,AL
PR0009,Diana Reyes,Cardiology,New Julianport,New Julianport,KS
PR0010,Danielle Edwards,Cardiology,Caseburgh,Caseburgh,ME
PR0011,Kaitlyn Gonzales,General Medicine,Wigginsborough,Wigginsborough,NM
PR0012,Jessica Gibson,Neurology,North Larryport,North Larryport,TN
PR0013,David Carter,Cardiology,North Ericberg,North Ericberg,DE
PR0014,Christopher Murray,Neurology,East Paul,East Paul,NC
PR0015,Lawrence Perez,Cardiology,East Brianville,East Brianville,RI
PR0016,Cindy West,Neurology,Port Jessicamouth,Port Jessicamouth,MO
PR0017,Breanna Davis,Neurology,West Jamesstad,West Jamesstad,AK
PR0018,Tyler Roberts,Pediatrics,New Pamela,New Pamela,MI
PR0019,Leslie Brown MD,Orthopedics,West Chadfort,West Chadfort,MA
PR0020,George Miller,Cardiology,New Larry,New Larry,UT
PR0021,Teresa Shields,General Medicine,North Brianna,North Brianna,KY
PR0022,Kevin Mckinney,Orthopedics,Thompsonborough,Thompsonborough,MD
PR0023,George Parker,Pediatrics,West Shawntown,West Shawntown,IL
PR0024,Alejandro Smith,Pediatrics,Lake Thomasville,Lake Thomasville,MN
PR0025,Marcus Vazquez,Pediatrics,New George,New George,WI
PR0026,Ronald Casey,General Medicine,Acevedoside,Acevedoside,AR
PR0027,James Haynes,Cardiology,Parksfort,Parksfort,AL
PR0028,Christopher Garcia,Cardiology,Skinnerfort,Skinnerfort,RI
PR0029,John Clark DDS,Neurology,Joshuaborough,Joshuaborough,MI
PR0030,Evan Collins,Neurology,Rogersshire,Rogersshire,DE
PR0031,Richard Martinez,Neurology,New Dianebury,New Dianebury,DC
PR0032,Cody Wall,General Medicine,Christopherport,Christopherport,NM
PR0033,Ashley Smith,Orthopedics,Edwinville,Edwinville,WV
PR0034,Kevin Lynch,Cardiology,Gregorymouth,Gregorymouth,MD
PR0035,Taylor Mccoy,Neurology,Lindsayview,Lindsayview,KS
PR0036,Alan Lowe,General Medicine,Karibury,Karibury,RI
PR0037,Hannah Lopez,General Medicine,Lake Deniseview,Lake Deniseview,AL
PR0038,Angela Bryan,Neurology,Yolandaton,Yolandaton,AL
PR0039,Jasmine Nelson,Pediatrics,Andrewside,Andrewside,KY
PR0040,Timothy Burgess,Pediatrics,West Garyside,West Garyside,HI
PR0041,Heather Mathews,Pediatrics,Ericksonchester,Ericksonchester,NV
PR0042,James Keller,Neurology,Kimberlyside,Kimberlyside,TX
PR0043,Rita Church,General Medicine,Port Michael,Port Michael,WV
PR0044,Frank Galloway,General Medicine,Marioburgh,Marioburgh,HI
PR0045,Stephanie Myers,Cardiology,Carrollport,Carrollport,PA
PR0046,Larry Escobar,Pediatrics,Cherylside,Cherylside,CO
PR0047,Bryan Kerr,Neurology,East Carriehaven,East Carriehaven,MD
PR0048,Michael Lopez,Cardiology,Sarahmouth,Sarahmouth,MA
PR0049,Heidi Carlson,General Medicine,Tammyville,Tammyville,NM
PR0050,Ruben Carrillo,Cardiology,North Randallchester,North Randallchester,SC
PR0051,Tyler Thomas,Pediatrics,Taylorton,Taylorton,NC
PR0052,Alyssa Henderson,Orthopedics,North Markland,North Markland,AZ
PR0053,Danielle Arellano,Pediatrics,Stewartmouth,Stewartmouth,SD
PR0054,Corey Chapman,Pediatrics,Marvinview,Marvinview,MI
PR0055,Kathleen Hill,Neurology,Judyberg,Judyberg,IL
PR0056,Melissa Collier,Orthopedics,Tranchester,Tranchester,RI
PR0057,Austin Rodriguez,Orthopedics,Lake Rebeccahaven,Lake Rebeccahaven,UT
PR0058,Keith Garcia,Orthopedics,Kathrynmouth,Kathrynmouth,LA
PR0059,Mr. Nathaniel Murray Jr.,General Medicine,Lake Joyceburgh,Lake Joyceburgh,FL
PR0060,Rachel Cherry,Cardiology,West Danielbury,West Danielbury,KS
PR0061,David Young,General Medicine,New Royview,New Royview,MA
PR0062,Terry Steele,Orthopedics,Sarahburgh,Sarahburgh,AK
PR0063,Kevin Weber,Neurology,Churchborough,Churchborough,NM
PR0064,Mary Doyle,Pediatrics,North James,North James,TN
PR0065,Patricia Baird,Pediatrics,Carlchester,Carlchester,NM
PR0066,Shari Pena,General Medicine,New Amanda,New Amanda,OK
PR0067,Gabriel Lowe,General Medicine,Casemouth,Casemouth,ME
PR0068,John Holt,Neurology,Julieburgh,Julieburgh,HI
PR0069,Jessica Arnold,Pediatrics,North Trevorville,North Trevorville,SD
PR0070,Heidi Wilson,General Medicine,Robertshire,Robertshire,DC
PR0071,Eric Brown,Cardiology,West Michaelside,West Michaelside,KS
PR0072,Shelia Bender,General Medicine,West Williambury,West Williambury,CT
PR0073,David Shelton,General Medicine,Ericaland,Ericaland,AZ
PR0074,Elizabeth Palmer,Orthopedics,Lake Sherry,Lake Sherry,LA
PR0075,Johnny Cook,Cardiology,Donnafurt,Donnafurt,WA
PR0076,Patricia Thompson,Cardiology,Port Gregorybury,Port Gregorybury,VT
PR0077,Chris Stewart,Neurology,Glennberg,Glennberg,SC
PR0078,Jesse Rodriguez,Orthopedics,North Gregoryhaven,North Gregoryhaven,MI
PR0079,Jennifer Hogan,Cardiology,Sandersmouth,Sandersmouth,RI
PR0080,Michael Chen,Orthopedics,South Sandraberg,South Sandraberg,NJ
PR0081,Leslie Jones,Orthopedics,Lake Elizabeth,Lake Elizabeth,KY
PR0082,Mario Castro,Pediatrics,Marktown,Marktown,NY
PR0083,Charles Flowers,Cardiology,Ashleyview,Ashleyview,SD
PR0084,Melissa Chandler,Pediatrics,South Sharon,South Sharon,IL
PR0085,Terry Powell,General Medicine,Walkerberg,Walkerberg,AL
PR0086,Pamela Nelson,General Medicine,New Aprilfurt,New Aprilfurt,ND
PR0087,Gregory Murray,Pediatrics,East Timothyside,East Timothyside,UT
PR0088,Michael Carlson,General Medicine,South Jennifer,South Jennifer,OK
PR0089,Anthony Hancock,Pediatrics,Richardburgh,Richardburgh,WA
PR0090,Lucas Mills,Neurology,South Deannaberg,South Deannaberg,UT
PR0091,Sandra Meadows,Orthopedics,North Patriciatown,North Patriciatown,NV
PR0092,Tiffany Hubbard,Neurology,North Erinbury,North Erinbury,PA
PR0093,Elizabeth Williams,Cardiology,Savageport,Savageport,SD
PR0094,Donna Rodriguez,Neurology,Bennettfurt,Bennettfurt,WA
PR0095,Tony Martin,Neurology,New Christopher,New Christopher,TX
PR0096,Valerie Parker,General Medicine,Wendystad,Wendystad,ME
PR0097,Mackenzie Davis,Pediatrics,Ashleyview,Ashleyview,CA
PR0098,Toni Rodriguez,Cardiology,Port Heidistad,Port Heidistad,IA
PR0099,Megan Harris,General Medicine,New Williamstad,New Williamstad,SD
PR0100,Daniel Mendoza,Cardiology,Victorbury,Victorbury,OH
PR0101,Jamie Fischer,Orthopedics,Danielfort,Danielfort,NE
PR0102,Paul Perry,Pediatrics,Donnahaven,Donnahaven,TX
PR0103,John Walker,General Medicine,Taylorchester,Taylorchester,MS
PR0104,Mario Kennedy,Neurology,Christopherhaven,Christopherhaven,TN
PR0105,Lynn Mcbride,Orthopedics,New Danatown,New Danatown,IL
PR0106,James Stone,Neurology,Lake Amyport,Lake Amyport,AR
PR0107,Deborah Rodriguez,Cardiology,Melissafurt,Melissafurt,HI
PR0108,Patricia Ramos,Orthopedics,East Molly,East Molly,HI
PR0109,Kimberly Russell,General Medicine,East Melanie,East Melanie,SC
PR0110,Shari Gilbert,Neurology,Markberg,Markberg,WI
PR0111,Matthew Hendrix Jr.,Neurology,Floreston,Floreston,NH
PR0112,Cristina Marshall,Cardiology,East Gregory,East Gregory,SD
PR0113,Katherine Martinez,Cardiology,North Kaylastad,North Kaylastad,ME
PR0114,Sarah Lin,Pediatrics,New Tracy,New Tracy,SC
PR0115,Sandra Best,Pediatrics,South Michael,South Michael,CA
PR0116,Mrs. Victoria Johnson MD,Cardiology,South Jameschester,South Jameschester,TX
PR0117,Jennifer Fry,Pediatrics,South Michelefort,South Michelefort,CT
PR0118,Gabriel Harrell,Neurology,East Shane,East Shane,SC
PR0119,James Thomas,Cardiology,Durhamport,Durhamport,CT
PR0120,David Graves,Orthopedics,Davidburgh,Davidburgh,UT
PR0121,Christopher Newman,Cardiology,Jamesburgh,Jamesburgh,IL
PR0122,Cheryl Williams,General Medicine,Linside,Linside,SD
PR0123,Jennifer Kline,General Medicine,Gomezchester,Gomezchester,MI
PR0124,Elizabeth Smith,Cardiology,Lopezborough,Lopezborough,DC
PR0125,Eduardo Morris,Orthopedics,Christinachester,Christinachester,NJ
PR0126,Victoria Bennett,Cardiology,South Thomas,South Thomas,KY
PR0127,Raymond Gilbert,Orthopedics,East Allen,East Allen,MD
PR0128,Tracie Davis,Neurology,Port Betty,Port Betty,NY
PR0129,Tiffany Fisher,Neurology,West Tammy,West Tammy,CA
PR0130,Taylor Waters,Orthopedics,East Phillipborough,East Phillipborough,IA
PR0131,Elizabeth Wilson,Pediatrics,Lake Barbara,Lake Barbara,DC
PR0132,Jeffrey Faulkner,Neurology,Michellemouth,Michellemouth,MO
PR0133,Melissa Rodriguez,General Medicine,Lake Markton,Lake Markton,FL
PR0134,Kelly Smith,Cardiology,North Robin,North Robin,MA
PR0135,Mary Gomez,Pediatrics,Angelaside,Angelaside,VA
PR0136,Kyle Kim,General Medicine,Richardside,Richardside,NM
PR0137,Yolanda Erickson,Cardiology,Kelseyview,Kelseyview,CO
PR0138,Susan Moore,General Medicine,Port Brianna,Port Brianna,MT
PR0139,Sara Davis,Pediatrics,Port Robertside,Port Robertside,ME
PR0140,Jeffrey Hall,Orthopedics,East Monica,East Monica,CT
PR0141,Anthony Murphy,Cardiology,Mitchellfort,Mitchellfort,VT
PR0142,Richard Smith,General Medicine,Port Brent,Port Brent,CT
PR0143,Natalie Smith,General Medicine,North Tracey,North Tracey,AZ
PR0144,James Chase,Pediatrics,East Vickiechester,East Vickiechester,NH
PR0145,Melissa Hamilton,Pediatrics,New Aaronside,New Aaronside,MO
PR0146,Natalie Johnson,Pediatrics,Port Michaelmouth,Port Michaelmouth,OH
PR0147,Erica Chaney,Orthopedics,East Mathewport,East Mathewport,NH
PR0148,Nathan Huff,Neurology,Lake Marcusberg,Lake Marcusberg,KS
PR0149,Mr. Craig Lambert,General Medicine,Rebeccahaven,Rebeccahaven,CT
PR0150,Haley Harris,Orthopedics,Port Donna,Port Donna,MO
PR0151,April Norton,General Medicine,Lake Bradstad,Lake Bradstad,VA
PR0152,Tonya Greene,Orthopedics,Colonfort,Colonfort,KS
PR0153,Angela Perkins,Cardiology,Tiffanytown,Tiffanytown,VA
PR0154,Laura Harris,Neurology,Johnfurt,Johnfurt,KY
PR0155,Ann Ortiz,General Medicine,Hunterfort,Hunterfort,AZ
PR0156,Christopher Martinez,Pediatrics,North Linda,North Linda,AR
PR0157,Erin Anderson,Neurology,North Laurahaven,North Laurahaven,NM
PR0158,Peter Baker,General Medicine,Maddoxfurt,Maddoxfurt,CT
PR0159,James Gates,Cardiology,Benjaminchester,Benjaminchester,RI
PR0160,James Evans,General Medicine,Richardfurt,Richardfurt,OH
PR0161,Dustin Perry,General Medicine,Port Raymond,Port Raymond,AR
PR0162,Guy Hernandez,General Medicine,Smithchester,Smithchester,NY
PR0163,Nicholas Hawkins,Neurology,Port Becky,Port Becky,MO
PR0164,Adam Brooks,General Medicine,West Miranda,West Miranda,DE
PR0165,Ann Jefferson,Pediatrics,Millerburgh,Millerburgh,FL
PR0166,Craig White,Orthopedics,North Matthew,North Matthew,MN
PR0167,Wendy Floyd,Pediatrics,Lake Mistyfort,Lake Mistyfort,KY
PR0168,Austin Jackson,Cardiology,East Donnamouth,East Donnamouth,WI
PR0169,Christina Diaz,Neurology,Andrewtown,Andrewtown,AZ
PR0170,Nicholas Jimenez,Orthopedics,Loganview,Loganview,LA
PR0171,Yvonne Campbell,Neurology,Tylerville,Tylerville,KS
PR0172,Barbara Herman,Neurology,Hectortown,Hectortown,MD
PR0173,Donna Snow,General Medicine,Joshuaburgh,Joshuaburgh,MT
PR0174,Jason Taylor,Pediatrics,Rebeccaburgh,Rebeccaburgh,NE
PR0175,Richard Castillo,Orthopedics,Andrewbury,Andrewbury,MN
PR0176,Michael Ford,General Medicine,East Ann,East Ann,GA
PR0177,Jessica Jackson,Orthopedics,Port Jessicaberg,Port Jessicaberg,WA
PR0178,Megan Green,Pediatrics,Port Alexmouth,Port Alexmouth,WY
PR0179,Megan Thomas,General Medicine,Reyesmouth,Reyesmouth,IA
PR0180,Daniel Grant,Orthopedics,East Kellifort,East Kellifort,DE
PR0181,Jacob Barber,General Medicine,Reedchester,Reedchester,IL
PR0182,Jessica Smith,Neurology,Angelfurt,Angelfurt,NE
PR0183,Samuel Hall,Cardiology,Port Roberttown,Port Roberttown,SD
PR0184,Daniel Graham MD,Orthopedics,Lake Paul,Lake Paul,DE
PR0185,Brian Reynolds,Pediatrics,Sandersbury,Sandersbury,IN
PR0186,Jesse Morgan,Orthopedics,New Sarah,New Sarah,OK
PR0187,Keith Anderson,Cardiology,Port William,Port William,NC
PR0188,Joseph Walters,Orthopedics,East Charlesside,East Charlesside,KY
PR0189,Larry Glenn,Orthopedics,Haysview,Haysview,NM
PR0190,Jennifer Lopez,Orthopedics,Perkinschester,Perkinschester,TN
PR0191,Terry Hayes,Pediatrics,Lake Kevin,Lake Kevin,SC
PR0192,Trevor Brooks,Cardiology,Smithport,Smithport,PA
PR0193,Christy Willis,Cardiology,New Hector,New Hector,VA
PR0194,Diana Tanner,Pediatrics,Port Patrickshire,Port Patrickshire,ID
PR0195,Jessica Palmer,Orthopedics,North Sheila,North Sheila,PA
PR0196,Douglas Coleman,Orthopedics,Robertborough,Robertborough,RI
PR0197,Jennifer Velasquez,Cardiology,West Laura,West Laura,CT
PR0198,Charles Scott,Orthopedics,Pearsonchester,Pearsonchester,PA
PR0199,Amanda Buck,Neurology,Kimberlymouth,Kimberlymouth,VA
PR0200,Johnny Roach,Orthopedics,Kennedyfurt,Kennedyfurt,IA
PR0201,Michael King,Orthopedics,Brittanybury,Brittanybury,MA
PR0202,Christopher Welch,General Medicine,Jacquelineville,Jacquelineville,GA
PR0203,Ms. Nicole Lopez,Cardiology,East Shelleybury,East Shelleybury,VT
PR0204,Antonio Wang,Cardiology,Garciafurt,Garciafurt,OR
PR0205,James Nunez,Neurology,South Michael,South Michael,AL
PR0206,Lori Curry,Neurology,Mosstown,Mosstown,MS
PR0207,Shelia Williams,Neurology,North Dianechester,North Dianechester,MA
PR0208,John Lopez,Cardiology,Billyland,Billyland,NC
PR0209,Brett Griffin,General Medicine,Kimport,Kimport,DE
PR0210,Regina Edwards,General Medicine,New Travis,New Travis,KY
PR0211,Ryan Solis,Pediatrics,West Katrinaburgh,West Katrinaburgh,WV
PR0212,Kevin Barrett,Cardiology,Jacobland,Jacobland,MO
PR0213,Andrew Nguyen,Pediatrics,West Phillip,West Phillip,HI
PR0214,Alisha Ray,Orthopedics,Douglasburgh,Douglasburgh,WA
PR0215,Jason Peterson,Neurology,North Samantha,North Samantha,SD
PR0216,David Kemp,Pediatrics,North Jacob,North Jacob,WA
PR0217,Dylan Torres,Pediatrics,Port Steven,Port Steven,MD
PR0218,Desiree Daniels,Cardiology,Juliafort,Juliafort,NV
PR0219,Carla Taylor,Neurology,South Shelley,South Shelley,KS
PR0220,Kathy Moore,Neurology,West Veronica,West Veronica,VT
PR0221,Timothy Cooper II,General Medicine,Port Williamborough,Port Williamborough,MI
PR0222,Michael Brown,Pediatrics,New Carolyn,New Carolyn,WV
PR0223,Shane Jordan,General Medicine,Robertsonmouth,Robertsonmouth,OK
PR0224,Kevin Parrish,Pediatrics,Hernandezborough,Hernandezborough,MT
PR0225,Stephen Jackson,Cardiology,Christianbury,Christianbury,KS
PR0226,Leslie Moran,Cardiology,Alexanderstad,Alexanderstad,GA
PR0227,Taylor Johnson,Orthopedics,Crosbyville,Crosbyville,OK
PR0228,Dr. Dale White MD,Pediatrics,East Emilyside,East Emilyside,CA
PR0229,William Smith,Pediatrics,Chanland,Chanland,OK
PR0230,Kristopher Nguyen,Neurology,Deborahland,Deborahland,AL
PR0231,Alexa Blair,Neurology,Smithtown,Smithtown,MA
PR0232,Nicole Carr,General Medicine,Robertmouth,Robertmouth,AK
PR0233,Ryan Owen,Orthopedics,Gonzalezmouth,Gonzalezmouth,PA
PR0234,Jessica Wright,Cardiology,Yvonneview,Yvonneview,RI
PR0235,Ruth Potter,Pediatrics,East Shelbychester,East Shelbychester,VA
PR0236,Stephanie Mckenzie,General Medicine,Browntown,Browntown,HI
PR0237,Cathy Smith,Orthopedics,Allenshire,Allenshire,PA
PR0238,Erin Evans,Neurology,Port Robertmouth,Port Robertmouth,SC
PR0239,James Walker,Orthopedics,North Chadmouth,North Chadmouth,UT
PR0240,Jeffrey Martin,General Medicine,North Desiree,North Desiree,IL
PR0241,Megan Carpenter,Cardiology,Lake Andrewmouth,Lake Andrewmouth,NC
PR0242,Rhonda Humphrey,Neurology,Gloriaside,Gloriaside,WI
PR0243,Mr. Johnathan Henderson PhD,Neurology,Lindatown,Lindatown,PA
PR0244,Rachel Spencer,Cardiology,East Kelsey,East Kelsey,NJ
PR0245,Stanley Myers,Neurology,South Richard,South Richard,KS
PR0246,Nicholas Kelly,General Medicine,Luishaven,Luishaven,TN
PR0247,Mary Reid,Neurology,Lake Amy,Lake Amy,CT
PR0248,Theresa Mason,Pediatrics,New Joseph,New Joseph,WI
PR0249,Jerry Bailey,Orthopedics,Nicoleland,Nicoleland,AZ
PR0250,Mary Chase,General Medicine,Elijahport,Elijahport,WY
PR0251,Pamela Jenkins,Cardiology,Crosshaven,Crosshaven,NC
PR0252,James James,General Medicine,West Jeffreyview,West Jeffreyview,TX
PR0253,Keith Nielsen,Pediatrics,Marcushaven,Marcushaven,HI
PR0254,Derek Harper,Neurology,Port Michael,Port Michael,KS
PR0255,Krystal Gardner,Neurology,Lake Lindsayhaven,Lake Lindsayhaven,NV
PR0256,Daniel Perry,General Medicine,Port Laurentown,Port Laurentown,MI
PR0257,Mary Zamora,Neurology,Jeremyland,Jeremyland,SD
PR0258,Jessica French DDS,Neurology,Coreyberg,Coreyberg,DE
PR0259,Rita Anderson,Pediatrics,Bonnieborough,Bonnieborough,FL
PR0260,Brandy Brown,Cardiology,Port Curtis,Port Curtis,OK
PR0261,Tammy Joseph,Orthopedics,West Victoriatown,West Victoriatown,MN
PR0262,Rachel Smith,General Medicine,Johnchester,Johnchester,CA
PR0263,David Turner,Cardiology,South Debbie,South Debbie,WV
PR0264,Emily Logan,Orthopedics,Robertbury,Robertbury,MT
PR0265,Paul Carter,Cardiology,North Bridget,North Bridget,DE
PR0266,Denise Anderson,General Medicine,West Tina,West Tina,DE
PR0267,Christopher Wu,Pediatrics,Hoffmanmouth,Hoffmanmouth,WY
PR0268,David Holland,Pediatrics,Smithland,Smithland,IA
PR0269,Samantha Vance,Pediatrics,Port Steve,Port Steve,AK
PR0270,Catherine Hunt,Cardiology,Curtisfort,Curtisfort,NE
PR0271,Sara Barrett,General Medicine,Robertsfort,Robertsfort,NJ
PR0272,Ruth Kerr,Neurology,Nelsonbury,Nelsonbury,WI
PR0273,Melissa Randall,Neurology,Clinechester,Clinechester,KY
PR0274,Matthew Howard,Pediatrics,Jennifermouth,Jennifermouth,TN
PR0275,Kimberly Williams,Cardiology,New Debra,New Debra,WV
PR0276,Kristen Henry,Neurology,Cowantown,Cowantown,CA
PR0277,Karla Lloyd,Cardiology,Josephstad,Josephstad,NM
PR0278,Tyler Jones,General Medicine,Stewartburgh,Stewartburgh,WA
PR0279,Melanie Williams,Pediatrics,Port Chadville,Port Chadville,AR
PR0280,Randy Flores,Orthopedics,New Whitney,New Whitney,IN
PR0281,Ashley Medina,Pediatrics,West Stephen,West Stephen,VT
PR0282,Annette Brooks,Orthopedics,Wilsonchester,Wilsonchester,DC
PR0283,Tom Craig,Neurology,East Brandy,East Brandy,MT
PR0284,Michael Hansen,Orthopedics,Port Barbarashire,Port Barbarashire,VT
PR0285,Noah Smith,Cardiology,Annetown,Annetown,IL
PR0286,Erin Smith,Orthopedics,Joneschester,Joneschester,MN
PR0287,Julie Conley,Neurology,Lake Juan,Lake Juan,AK
PR0288,Kathleen Clark,Neurology,East Jessica,East Jessica,NJ
PR0289,Anthony Roth,Pediatrics,Whiteport,Whiteport,AR
PR0290,Jennifer Williams,Neurology,Kramerland,Kramerland,AL
PR0291,Bradley Campbell DDS,Cardiology,South Andrew,South Andrew,MI
PR0292,Larry West,Orthopedics,Lake Karen,Lake Karen,VA
PR0293,Michael Ellis,General Medicine,Castillohaven,Castillohaven,LA
PR0294,Jacob Daniels,Neurology,Kochland,Kochland,ME
PR0295,John Martin,Orthopedics,New Lance,New Lance,GA
PR0296,Brianna Williams,Pediatrics,North Michaelside,North Michaelside,RI
PR0297,Brittany Watkins,General Medicine,Johnsonberg,Johnsonberg,TN
PR0298,Joshua Jordan,Pediatrics,Trevinomouth,Trevinomouth,IA
PR0299,Mr. Benjamin Murphy Jr.,Cardiology,Wolfestad,Wolfestad,AR
PR0300,Michelle Terry,Pediatrics,Amandamouth,Amandamouth,AL
PR0301,Kelly Bryant,Orthopedics,Morrismouth,Morrismouth,ME
PR0302,Nancy Hanson,General Medicine,Brittanychester,Brittanychester,IA
PR0303,Amy Anderson,Pediatrics,East Natasha,East Natasha,NE
PR0304,Amanda Watts,Pediatrics,North Ellen,North Ellen,FL
PR0305,Wanda Rivera,Cardiology,South Jeffery,South Jeffery,NH
PR0306,Bryan Smith,Orthopedics,West Lawrencechester,West Lawrencechester,MT
PR0307,Curtis Sanchez,Pediatrics,Williamsbury,Williamsbury,LA
PR0308,Kristin Allen,Orthopedics,West Robertberg,West Robertberg,IN
PR0309,Travis Alvarado,Neurology,Port Keith,Port Keith,KS
PR0310,Henry Benson,Cardiology,North Alyssaland,North Alyssaland,KY
PR0311,Thomas Lindsey,Cardiology,West Curtis,West Curtis,CO
PR0312,Jonathan Gomez,Cardiology,Gilbertburgh,Gilbertburgh,NV
PR0313,Megan James,Orthopedics,Morrisstad,Morrisstad,MN
PR0314,Ryan Reyes,Pediatrics,Evanton,Evanton,PA
PR0315,Megan Vincent,Pediatrics,Reynoldsmouth,Reynoldsmouth,GA
PR0316,Jodi Downs MD,Orthopedics,Lake Richard,Lake Richard,MS
PR0317,Louis Rodriguez,Orthopedics,Johnathanside,Johnathanside,TN
PR0318,John Kelly,Neurology,Dorothychester,Dorothychester,NJ
PR0319,Paul Mckinney,General Medicine,Rossview,Rossview,MN
PR0320,Aaron Reed,General Medicine,New Michaelstad,New Michaelstad,VA
PR0321,James Riley,Cardiology,South Tonya,South Tonya,UT
PR0322,Arthur Hoffman,Pediatrics,Tinaville,Tinaville,AL
PR0323,Scott Stewart,Cardiology,Port Kyle,Port Kyle,KS
PR0324,Tyler Velasquez,Pediatrics,Lucasstad,Lucasstad,MD
PR0325,Patricia West,Pediatrics,New Erik,New Erik,NC
PR0326,Steven Rivera,Neurology,North Brandontown,North Brandontown,AL
PR0327,Matthew Haynes,Orthopedics,Natalieshire,Natalieshire,CA
PR0328,Lisa Stark,Orthopedics,North Jamiebury,North Jamiebury,OK
PR0329,Angelica Wallace,Orthopedics,Anthonyshire,Anthonyshire,ID
PR0330,Sandra Edwards,General Medicine,New Joel,New Joel,AK
PR0331,Kimberly Oliver,Orthopedics,Davisshire,Davisshire,ME
PR0332,Casey Anderson,General Medicine,West Henrymouth,West Henrymouth,IN
PR0333,John Ramirez,Cardiology,Brooketown,Brooketown,WI
PR0334,Christopher Maynard,General Medicine,East Helenshire,East Helenshire,GA
PR0335,Matthew Berry,Pediatrics,West Justin,West Justin,GA
PR0336,Michelle Simmons,Neurology,Port Jonathanfort,Port Jonathanfort,MS
PR0337,Anthony Spencer,Neurology,New Peggyhaven,New Peggyhaven,IN
PR0338,Jaime Fernandez,Pediatrics,Bassfurt,Bassfurt,PA
PR0339,Manuel Robles,Cardiology,East Michaelstad,East Michaelstad,ND
PR0340,Phillip Patterson,Neurology,Martinland,Martinland,AR
PR0341,Lisa Smith,Pediatrics,Hallstad,Hallstad,MA
PR0342,Dr. Erica Aguilar MD,Neurology,Lake Curtis,Lake Curtis,VT
PR0343,Crystal Lee,General Medicine,Johnsontown,Johnsontown,CT
PR0344,Renee Miller,Neurology,New Amberfort,New Amberfort,SC
PR0345,Jaime Stewart,General Medicine,New Matthewstad,New Matthewstad,IL
PR0346,Andrew Harrell,General Medicine,Michaelmouth,Michaelmouth,VT
PR0347,Marc White,Neurology,Cameronmouth,Cameronmouth,NJ
PR0348,Amy King,Neurology,Port Michelleshire,Port Michelleshire,OH
PR0349,William Moss,General Medicine,West Joshuatown,West Joshuatown,OK
PR0350,Jeremiah Farley,Neurology,West Laurenberg,West Laurenberg,MI
PR0351,John Jacobs,Cardiology,Rickytown,Rickytown,TX
PR0352,Melissa Rush,Orthopedics,North Gail,North Gail,MN
PR0353,Marissa Bennett,Orthopedics,New Randybury,New Randybury,NE
PR0354,Ryan Johnson,Pediatrics,Oliverville,Oliverville,ME
PR0355,Albert Williams,Orthopedics,Riveraside,Riveraside,CT
PR0356,Matthew Miller,Cardiology,South Shannonborough,South Shannonborough,AZ
PR0357,Melissa Johnson,Orthopedics,Thomasfort,Thomasfort,NJ
PR0358,Daniel Robertson,Orthopedics,New Jessicahaven,New Jessicahaven,SD
PR0359,Katherine Barrera,Cardiology,Petersonborough,Petersonborough,CA
PR0360,Mary Spears,General Medicine,West Allen,West Allen,CT
PR0361,Megan Murray,Orthopedics,New James,New James,PA
PR0362,Zachary Harper,Pediatrics,Kerriland,Kerriland,MN
PR0363,Valerie Carter,Orthopedics,Adriennemouth,Adriennemouth,WV
PR0364,Mary Bartlett,Orthopedics,New Michaelmouth,New Michaelmouth,ME
PR0365,Robert White,Cardiology,West Brandonport,West Brandonport,MA
PR0366,Matthew Walter,Cardiology,Brandiview,Brandiview,OH
PR0367,Hunter Lynn,Pediatrics,Welchland,Welchland,NE
PR0368,Michael Simmons,Neurology,North Daniel,North Daniel,WY
PR0369,Harold Michael,Cardiology,West Richard,West Richard,UT
PR0370,Ashley Martinez,Neurology,East Juliefort,East Juliefort,NE
PR0371,Dominic Hansen,Pediatrics,Wilsonshire,Wilsonshire,AL
PR0372,Rebecca Mayo,Orthopedics,Harrisfort,Harrisfort,OR
PR0373,Sonya Turner,Orthopedics,Bakershire,Bakershire,LA
PR0374,John Fernandez,Neurology,West Cindyside,West Cindyside,CT
PR0375,Kenneth Kline,Pediatrics,North Jonathan,North Jonathan,ME
PR0376,Oscar Hanson,Pediatrics,Hamiltonville,Hamiltonville,VT
PR0377,John Alvarez,Cardiology,New Meganberg,New Meganberg,ME
PR0378,James Williams,Neurology,East Christopherfurt,East Christopherfurt,NJ
PR0379,Mark Smith,Cardiology,East Thomasside,East Thomasside,NE
PR0380,Diane Oliver,Neurology,East Samuel,East Samuel,MA
PR0381,Jaime Williams,Cardiology,East Biancatown,East Biancatown,NC
PR0382,Tammy Nichols,Cardiology,New Davidfort,New Davidfort,GA
PR0383,Theodore Bond,Pediatrics,South Erika,South Erika,NJ
PR0384,Jessica Blankenship,Pediatrics,Terrellburgh,Terrellburgh,HI
PR0385,Sheila Smith,Orthopedics,Port Michaelborough,Port Michaelborough,MT
PR0386,Rachael Carroll,Orthopedics,Michellefort,Michellefort,DC
PR0387,Jeffrey Sullivan,Pediatrics,South Patrick,South Patrick,NV
PR0388,Ryan Hickman,Pediatrics,Valenzuelastad,Valenzuelastad,PA
PR0389,Peter Davis,Cardiology,West Brianfort,West Brianfort,AR
PR0390,David Cline II,Orthopedics,North Lisa,North Lisa,MS
PR0391,Deborah Obrien,Pediatrics,South Kayla,South Kayla,VA
PR0392,Victoria Collins,Neurology,East Oscarside,East Oscarside,WY
PR0393,William White,Neurology,Kevinstad,Kevinstad,PA
PR0394,Vincent Watkins,Orthopedics,Port Jacobtown,Port Jacobtown,OR
PR0395,Kristin Gonzalez,Neurology,New Isaachaven,New Isaachaven,CA
PR0396,Michelle Thompson,Cardiology,Mercadoberg,Mercadoberg,MO
PR0397,Jennifer Jenkins,Orthopedics,Timothyland,Timothyland,ID
PR0398,Timothy Krueger,Pediatrics,Lake Henry,Lake Henry,UT
PR0399,Lisa Klein,Neurology,Port Jaredview,Port Jaredview,AR
PR0400,Steve Black,Cardiology,Leblancstad,Leblancstad,FL
PR0401,Andrew Wise,Pediatrics,Thompsonhaven,Thompsonhaven,IA
PR0402,Lisa Villarreal,General Medicine,New Stephenborough,New Stephenborough,ND
PR0403,Loretta Meyer,Cardiology,Port Tracy,Port Tracy,WY
PR0404,Andre Dougherty,Neurology,West Derekton,West Derekton,CO
PR0405,Kyle Chandler,Cardiology,Andersonfort,Andersonfort,TX
PR0406,Lori Waters,General Medicine,Jordanbury,Jordanbury,SD
PR0407,Stephanie Nelson,General Medicine,Port Justinborough,Port Justinborough,IN
PR0408,Victoria Lawson,Cardiology,New Jennifermouth,New Jennifermouth,IA
PR0409,Joshua Clayton,Pediatrics,Gregoryton,Gregoryton,VT
PR0410,Cynthia Carlson,Pediatrics,West Kevin,West Kevin,SD
PR0411,Angela Allen,General Medicine,East Michelleside,East Michelleside,DE
PR0412,Lauren Rivera,Orthopedics,Port Lisafurt,Port Lisafurt,SD
PR0413,Shannon Saunders,Orthopedics,West Stevenberg,West Stevenberg,ND
PR0414,Ashley Fernandez,Pediatrics,Jasonberg,Jasonberg,NY
PR0415,William Campbell,Orthopedics,Mooreside,Mooreside,AL
PR0416,Maria Lee,Pediatrics,Youngmouth,Youngmouth,NM
PR0417,Robert Holloway,Neurology,South Amychester,South Amychester,NY
PR0418,Stephanie Gates,Pediatrics,Lake Pamelaton,Lake Pamelaton,NM
PR0419,Raymond Carey,Neurology,Harringtonview,Harringtonview,PA
PR0420,Jessica Garcia,General Medicine,North Codyhaven,North Codyhaven,CO
PR0421,Betty Ray,Orthopedics,Johnsonchester,Johnsonchester,WY
PR0422,Scott Harper,General Medicine,Port Richardhaven,Port Richardhaven,MI
PR0423,Rhonda Moran,Cardiology,Vanessaport,Vanessaport,MN
PR0424,Mackenzie Crane,Cardiology,Perryburgh,Perryburgh,AK
PR0425,Erica Porter,General Medicine,South Michaelville,South Michaelville,NJ
PR0426,Michelle Delacruz,Pediatrics,East Teresaton,East Teresaton,VA
PR0427,James Carney,Pediatrics,North Christopher,North Christopher,CO
PR0428,Arthur Adams,Orthopedics,Changberg,Changberg,OK
PR0429,Christy Ward,General Medicine,Victoriaview,Victoriaview,WY
PR0430,Mrs. Kelly Thompson,Cardiology,Sarahhaven,Sarahhaven,RI
PR0431,Dana Ingram,General Medicine,Lake Sarahhaven,Lake Sarahhaven,ID
PR0432,Alison Allen,General Medicine,North Kimbury,North Kimbury,NC
PR0433,Mackenzie Leach,Orthopedics,Brendahaven,Brendahaven,MA
PR0434,Joel Travis,Pediatrics,Moodyberg,Moodyberg,GA
PR0435,Joshua Stokes,Cardiology,Port Amy,Port Amy,MT
PR0436,Nicholas Parker,Orthopedics,Lopezport,Lopezport,SC
PR0437,Jesus Cooper,Cardiology,Glassbury,Glassbury,WA
PR0438,Randy Smith MD,Cardiology,Jacobstad,Jacobstad,DC
PR0439,Leslie Yoder,Pediatrics,Nancymouth,Nancymouth,RI
PR0440,Shelly Miller,Pediatrics,South Jessechester,South Jessechester,ME
PR0441,John Hawkins,Orthopedics,East Hannahport,East Hannahport,WI
PR0442,Carlos Sellers,Neurology,New Sheila,New Sheila,TX
PR0443,Stephen Davis,Orthopedics,Lake Brianashire,Lake Brianashire,NE
PR0444,Elizabeth Simmons,Orthopedics,Port Bonniefurt,Port Bonniefurt,CA
PR0445,Molly Harris,Neurology,Coryberg,Coryberg,DC
PR0446,Adrienne Rush,Cardiology,Bennettbury,Bennettbury,OH
PR0447,Rebecca Mejia,General Medicine,New James,New James,TN
PR0448,Cheryl Brown,Neurology,Marcushaven,Marcushaven,DE
PR0449,Maria Olsen,General Medicine,Schultzton,Schultzton,MD
PR0450,Chad Butler,Cardiology,West Debra,West Debra,FL
PR0451,Patricia Garcia,Neurology,Gonzalezland,Gonzalezland,WV
PR0452,George Waller,Pediatrics,Port Bethany,Port Bethany,DC
PR0453,Kathryn Lewis,Orthopedics,Johnbury,Johnbury,WV
PR0454,Frank Butler,Neurology,Lake Katieview,Lake Katieview,TX
PR0455,Rebecca Medina,Neurology,Huertaberg,Huertaberg,MD
PR0456,Teresa Singh,Cardiology,Sylviafort,Sylviafort,SD
PR0457,Manuel Rose,Pediatrics,Samanthafort,Samanthafort,TX
PR0458,Martin Jones,Neurology,Payneland,Payneland,PA
PR0459,Ryan Rodriguez,Pediatrics,Danville,Danville,WA
PR0460,Susan Mcbride,General Medicine,Juanchester,Juanchester,AL
PR0461,Tina Newman,Neurology,Ryanfurt,Ryanfurt,NE
PR0462,Cindy Vaughn,Pediatrics,West John,West John,GA
PR0463,Christopher Warren,Orthopedics,Lake Stephanieburgh,Lake Stephanieburgh,CT
PR0464,Dave Hartman,Cardiology,Amandatown,Amandatown,CT
PR0465,Christopher Wallace,Pediatrics,Port Cindy,Port Cindy,MT
PR0466,Brittany Johnson,Cardiology,Sarahport,Sarahport,FL
PR0467,Eddie Jackson,Neurology,Port Brandon,Port Brandon,UT
PR0468,Kathleen Bright,Neurology,Hansenton,Hansenton,VA
PR0469,Daniel Garrett,General Medicine,Annetteview,Annetteview,TX
PR0470,Tracy Miller,Cardiology,Loganville,Loganville,MS
PR0471,Brianna Morton,Orthopedics,Johnsonborough,Johnsonborough,WI
PR0472,Melissa Brown,Orthopedics,Howardtown,Howardtown,MT
PR0473,Haley Salinas,Pediatrics,Youngton,Youngton,VA
PR0474,Lawrence Jones,Orthopedics,Port Dwayneland,Port Dwayneland,WV
PR0475,Michael Stokes,Cardiology,West Marthafurt,West Marthafurt,MI
PR0476,Ray Wyatt,Neurology,New Douglas,New Douglas,IL
PR0477,Christian Peterson,Cardiology,Pooletown,Pooletown,VT
PR0478,Timothy Wagner,Cardiology,Tammymouth,Tammymouth,SD
PR0479,Nicholas Brown,Neurology,West Kayla,West Kayla,NC
PR0480,Kimberly Williams,Cardiology,Port Tracy,Port Tracy,FL
PR0481,Lynn Warren,Orthopedics,Port Johnnyton,Port Johnnyton,DC
PR0482,Mrs. Michelle Melton,Pediatrics,Baldwinhaven,Baldwinhaven,WV
PR0483,Sandra Tanner,Pediatrics,North Christineborough,North Christineborough,SC
PR0484,Stephanie Burton,Cardiology,Lake Stevenshire,Lake Stevenshire,CT
PR0485,Justin Hopkins,Neurology,Annborough,Annborough,PA
PR0486,Jean Peterson,General Medicine,Matthewland,Matthewland,KS
PR0487,William Parker MD,Cardiology,West Marie,West Marie,VA
PR0488,Charles Cabrera,Cardiology,West Matthewfurt,West Matthewfurt,OK
PR0489,David Henry,General Medicine,Lawrencemouth,Lawrencemouth,ME
PR0490,Colleen Hodges,Pediatrics,North Jason,North Jason,OK
PR0491,Tiffany Perez,Pediatrics,Thompsonland,Thompsonland,ID
PR0492,Christina Johnson,General Medicine,West Carol,West Carol,VT
PR0493,Brian Williams,Neurology,Sarahstad,Sarahstad,WV
PR0494,Anthony Barber,Cardiology,East Elizabeth,East Elizabeth,SD
PR0495,Alexis Mcgee,Orthopedics,Gordonberg,Gordonberg,CA
PR0496,Kevin Garcia,Pediatrics,Lisashire,Lisashire,MO
PR0497,Nancy Gillespie,Pediatrics,Youngberg,Youngberg,OK
PR0498,Ronald Lewis,Pediatrics,Diazhaven,Diazhaven,ID
PR0499,Keith White,Neurology,North Sarahmouth,North Sarahmouth,NE
PR0500,Crystal Patterson,General Medicine,East Deniseburgh,East Deniseburgh,IL
